day,pillar,theme,source_post,whatsapp_variant,telegram_variant,discord_variant,x_variant,cta,status
1,Education,What Mintier solves,Canonical intro to Mintier,"Mintier helps you turn attention into qualified conversations. Want the 1-page overview?","Mintier intro: what it solves, who it serves, and how to start.","What channel challenge are you solving right now?",Mintier in one line + problem hook,Reply for overview,draft
2,Product Updates,Core channel stack,Explain multi-channel architecture,"We run one message adapted to each platform. Want our template?","How our channel spine works across WhatsApp/Telegram/Discord/X.","Sharing our stack map—what would you add?",One-message-many-channels framework,Ask for stack map,draft
3,Proof,Early workflow win,Share first measurable outcome,"First workflow cut response lag significantly. Want the playbook?","Early result snapshot from channel ops test.","What metric matters most to your team?",Before/after ops metric snapshot,Request playbook,draft
4,Culture,Mission alignment,Values post,"We build with truth, balance, and order.",Why value-aligned communication matters,"How do you keep values in execution?",Values-driven builder note,Join discussion,draft
5,CTA,Invite to pilot,Direct invitation,"Want to pilot Mintier channels for 14 days?","Pilot invite: structured channel sprint.","Who wants to beta test this with us?",14-day pilot call,Reply 'pilot',draft
6,Education,Channel role design,Define purpose per channel,"Each channel needs one job. Need our channel-map format?","How to assign one clear role per channel.","Drop your channel list; we’ll suggest roles.",Give each channel one job,Ask for template,draft
7,Product Updates,Content matrix system,Explain 30-day matrix,"We plan 30 days once, then adapt daily.",30-day content matrix breakdown,"Want us to post a sample week?",30-day content engine,Request sample,draft
8,Proof,Consistency gain,Show cadence win,"Consistency increased replies this week.",Cadence consistency result note,"How do you maintain posting consistency?",Consistency beats sporadic posting,Ask about cadence,draft
9,Culture,Behind the scenes,Team/process snapshot,"Quick BTS: how we prep daily posts.",BTS workflow screenshot summary,"Want live teardown of our workflow?",Behind-the-scenes ops ritual,Ask for teardown,draft
10,CTA,Download template,Template CTA,"Reply and I’ll send the channel template.",Template drop for channel strategy,"Pinned template now live.",Free channel template drop,Reply 'template',draft
11,Education,Writing better hooks,Hook mini-lesson,"Use one pain + one promise in first line.",Hook formula for better opens,"Share a draft hook; we’ll improve it.",Hook formula in one tweet,Submit your hook,draft
12,Product Updates,Governance gates,Risk-class policy explainer,"We classify posts by risk before publishing.",Governance model for reliable posting,"What’s your approval flow today?",Simple governance for content ops,Ask for policy sheet,draft
13,Proof,Engagement uplift,Share engagement movement,"Engagement improved after pillar rotation.",Pillar rotation effect summary,"Which pillar performs best for you?",Data note on engagement uplift,Share your best pillar,draft
14,Culture,Community appreciation,Highlight contributors,"Shoutout to everyone helping test workflows.",Community gratitude post,"Drop your wins this week.",Community gratitude thread,Share your win,draft
15,CTA,Mid-sprint check-in,Invite responses,"Want us to audit your current channels?","Mid-sprint channel audit offer.","Post your channel links for feedback.",Free channel audit prompt,Request audit,draft
16,Education,CTA clarity,Teach CTA design,"One post = one CTA.",How to choose the right CTA per post,"What CTA format gets best responses for you?",Single-CTA rule,Share your CTA,draft
17,Product Updates,Automation schedule,Cron cadence explanation,"Scheduling keeps quality stable.",How we schedule morning/afternoon/evening cycles,"What schedule should we test next?",Automation cadence snapshot,Suggest schedule,draft
18,Proof,Response-time improvement,Latency metric note,"Fast replies increased conversion conversations.",Response-time impact summary,"How fast does your team reply?",Response speed drives conversion,Share response SLA,draft
19,Culture,Operator mindset,Discipline post,"Good channels are built daily.",Operator discipline and compounding,"What’s your daily non-negotiable?",Daily discipline note,Reply with ritual,draft
20,CTA,Join community,Community invite,"Want in? Reply and we’ll add you.",Join our channel builders circle,"Introductions thread open now.",Open invite to builders,Join now,draft
21,Education,Platform formatting,Tailoring message style,"Same idea, different format per platform.",Formatting guide across channels,"Need platform rewrite examples?",Format adaptation thread,Ask for rewrites,draft
22,Product Updates,Template pack release,Announce assets,"Template pack is ready—want access?",Template pack release note,"Resources posted in pinned section.",Template pack released,Request pack,draft
23,Proof,Case snippet,Mini case study,"A simple matrix improved output quality.",Case snippet: matrix + cadence + outcomes,"Want the full breakdown?",Mini case: from chaos to cadence,Ask for case,draft
24,Culture,Learning loop,Iterate publicly,"We review weekly and cut what doesn’t work.",Weekly keep/kill/iterate model,"What would you kill this week?",Iteration > perfection,Share what to cut,draft
25,CTA,Book call,High-intent offer,"If you want hands-on help, let’s talk.",Book a channel strategy session,"Office-hours slots this week.",Open strategy call slots,Book now,draft
26,Education,Risk-aware messaging,Avoid risky claims,"Say what’s true, provable, and useful.",Risk-aware writing checklist,"Drop a claim; we’ll risk-rate it.",Provable messaging checklist,Request checklist,draft
27,Product Updates,Workflow refinement,What changed in v2,"We refined posting and monitoring flow.",What changed in our v2 channel workflow,"Feedback wanted on latest process.",Workflow v2 improvements,Give feedback,draft
28,Proof,Week-over-week summary,Share KPI movement,"Weekly trend looks stronger this cycle.",Week-over-week KPI snapshot,"What KPI do you track weekly?",KPI trend update,Share your KPI,draft
29,Culture,Vision post,Long-term direction,"We’re building channels that serve people, not noise.",Long-term communication vision,"What does healthy community growth look like?",Signal over noise principle,Join vision thread,draft
30,CTA,Sprint close + next wave,Close and convert,"30-day sprint complete. Ready for the next wave?","Sprint close report + next cohort invite.","Who wants in for the next sprint?",Sprint close + cohort invite,Reply 'next',draft
